Track_ID,Run_Date,Start_Date,End_Date,Duration,Ensemble_Name,Ensemble_Member,Object_Variable,Obs_Track_ID,Translation_Error_X,Translation_Error_Y,Start_Time_Error,End_Time_Error
d01_REFL_COM_20110427-0000_12_12_000,2011-04-27 00:00:00+00:00,2011-04-27 12:00:00+00:00,2011-04-27 12:00:00+00:00,1.00000,NCARSTORM,d01,REFL_COM,nan,nan,nan,nan,nan
d01_REFL_COM_20110427-0000_12_12_001,2011-04-27 00:00:00+00:00,2011-04-27 12:00:00+00:00,2011-04-27 12:00:00+00:00,1.00000,NCARSTORM,d01,REFL_COM,nan,nan,nan,nan,nan
d01_REFL_COM_20110427-0000_12_12_002,2011-04-27 00:00:00+00:00,2011-04-27 12:00:00+00:00,2011-04-27 12:00:00+00:00,1.00000,NCARSTORM,d01,REFL_COM,nan,nan,nan,nan,nan
d01_REFL_COM_20110427-0000_12_15_003,2011-04-27 00:00:00+00:00,2011-04-27 12:00:00+00:00,2011-04-27 15:00:00+00:00,4.00000,NCARSTORM,d01,REFL_COM,nan,nan,nan,nan,nan
d01_REFL_COM_20110427-0000_12_12_004,2011-04-27 00:00:00+00:00,2011-04-27 12:00:00+00:00,2011-04-27 12:00:00+00:00,1.00000,NCARSTORM,d01,REFL_COM,nan,nan,nan,nan,nan
d01_REFL_COM_20110427-0000_12_12_005,2011-04-27 00:00:00+00:00,2011-04-27 12:00:00+00:00,2011-04-27 12:00:00+00:00,1.00000,NCARSTORM,d01,REFL_COM,nan,nan,nan,nan,nan
d01_REFL_COM_20110427-0000_12_12_006,2011-04-27 00:00:00+00:00,2011-04-27 12:00:00+00:00,2011-04-27 12:00:00+00:00,1.00000,NCARSTORM,d01,REFL_COM,nan,nan,nan,nan,nan
d01_REFL_COM_20110427-0000_12_15_007,2011-04-27 00:00:00+00:00,2011-04-27 12:00:00+00:00,2011-04-27 15:00:00+00:00,4.00000,NCARSTORM,d01,REFL_COM,nan,nan,nan,nan,nan
d01_REFL_COM_20110427-0000_12_13_008,2011-04-27 00:00:00+00:00,2011-04-27 12:00:00+00:00,2011-04-27 13:00:00+00:00,2.00000,NCARSTORM,d01,REFL_COM,nan,nan,nan,nan,nan
d01_REFL_COM_20110427-0000_12_13_009,2011-04-27 00:00:00+00:00,2011-04-27 12:00:00+00:00,2011-04-27 13:00:00+00:00,2.00000,NCARSTORM,d01,REFL_COM,nan,nan,nan,nan,nan
d01_REFL_COM_20110427-0000_13_13_010,2011-04-27 00:00:00+00:00,2011-04-27 13:00:00+00:00,2011-04-27 13:00:00+00:00,1.00000,NCARSTORM,d01,REFL_COM,nan,nan,nan,nan,nan
d01_REFL_COM_20110427-0000_13_13_011,2011-04-27 00:00:00+00:00,2011-04-27 13:00:00+00:00,2011-04-27 13:00:00+00:00,1.00000,NCARSTORM,d01,REFL_COM,nan,nan,nan,nan,nan
d01_REFL_COM_20110427-0000_13_13_012,2011-04-27 00:00:00+00:00,2011-04-27 13:00:00+00:00,2011-04-27 13:00:00+00:00,1.00000,NCARSTORM,d01,REFL_COM,nan,nan,nan,nan,nan
d01_REFL_COM_20110427-0000_13_13_013,2011-04-27 00:00:00+00:00,2011-04-27 13:00:00+00:00,2011-04-27 13:00:00+00:00,1.00000,NCARSTORM,d01,REFL_COM,nan,nan,nan,nan,nan
d01_REFL_COM_20110427-0000_14_14_014,2011-04-27 00:00:00+00:00,2011-04-27 14:00:00+00:00,2011-04-27 14:00:00+00:00,1.00000,NCARSTORM,d01,REFL_COM,nan,nan,nan,nan,nan
d01_REFL_COM_20110427-0000_14_14_015,2011-04-27 00:00:00+00:00,2011-04-27 14:00:00+00:00,2011-04-27 14:00:00+00:00,1.00000,NCARSTORM,d01,REFL_COM,nan,nan,nan,nan,nan
d01_REFL_COM_20110427-0000_14_14_016,2011-04-27 00:00:00+00:00,2011-04-27 14:00:00+00:00,2011-04-27 14:00:00+00:00,1.00000,NCARSTORM,d01,REFL_COM,nan,nan,nan,nan,nan
d01_REFL_COM_20110427-0000_14_14_017,2011-04-27 00:00:00+00:00,2011-04-27 14:00:00+00:00,2011-04-27 14:00:00+00:00,1.00000,NCARSTORM,d01,REFL_COM,nan,nan,nan,nan,nan
d01_REFL_COM_20110427-0000_14_14_018,2011-04-27 00:00:00+00:00,2011-04-27 14:00:00+00:00,2011-04-27 14:00:00+00:00,1.00000,NCARSTORM,d01,REFL_COM,nan,nan,nan,nan,nan
d01_REFL_COM_20110427-0000_14_15_019,2011-04-27 00:00:00+00:00,2011-04-27 14:00:00+00:00,2011-04-27 15:00:00+00:00,2.00000,NCARSTORM,d01,REFL_COM,nan,nan,nan,nan,nan
d01_REFL_COM_20110427-0000_14_14_020,2011-04-27 00:00:00+00:00,2011-04-27 14:00:00+00:00,2011-04-27 14:00:00+00:00,1.00000,NCARSTORM,d01,REFL_COM,nan,nan,nan,nan,nan
d01_REFL_COM_20110427-0000_14_14_021,2011-04-27 00:00:00+00:00,2011-04-27 14:00:00+00:00,2011-04-27 14:00:00+00:00,1.00000,NCARSTORM,d01,REFL_COM,nan,nan,nan,nan,nan
d01_REFL_COM_20110427-0000_14_15_022,2011-04-27 00:00:00+00:00,2011-04-27 14:00:00+00:00,2011-04-27 15:00:00+00:00,2.00000,NCARSTORM,d01,REFL_COM,nan,nan,nan,nan,nan
d01_REFL_COM_20110427-0000_14_14_023,2011-04-27 00:00:00+00:00,2011-04-27 14:00:00+00:00,2011-04-27 14:00:00+00:00,1.00000,NCARSTORM,d01,REFL_COM,nan,nan,nan,nan,nan
d01_REFL_COM_20110427-0000_14_14_024,2011-04-27 00:00:00+00:00,2011-04-27 14:00:00+00:00,2011-04-27 14:00:00+00:00,1.00000,NCARSTORM,d01,REFL_COM,nan,nan,nan,nan,nan
d01_REFL_COM_20110427-0000_14_14_025,2011-04-27 00:00:00+00:00,2011-04-27 14:00:00+00:00,2011-04-27 14:00:00+00:00,1.00000,NCARSTORM,d01,REFL_COM,nan,nan,nan,nan,nan
d01_REFL_COM_20110427-0000_15_15_026,2011-04-27 00:00:00+00:00,2011-04-27 15:00:00+00:00,2011-04-27 15:00:00+00:00,1.00000,NCARSTORM,d01,REFL_COM,nan,nan,nan,nan,nan
d01_REFL_COM_20110427-0000_15_15_027,2011-04-27 00:00:00+00:00,2011-04-27 15:00:00+00:00,2011-04-27 15:00:00+00:00,1.00000,NCARSTORM,d01,REFL_COM,nan,nan,nan,nan,nan
d01_REFL_COM_20110427-0000_15_15_028,2011-04-27 00:00:00+00:00,2011-04-27 15:00:00+00:00,2011-04-27 15:00:00+00:00,1.00000,NCARSTORM,d01,REFL_COM,nan,nan,nan,nan,nan
d01_REFL_COM_20110427-0000_15_15_029,2011-04-27 00:00:00+00:00,2011-04-27 15:00:00+00:00,2011-04-27 15:00:00+00:00,1.00000,NCARSTORM,d01,REFL_COM,nan,nan,nan,nan,nan
d01_REFL_COM_20110427-0000_15_15_030,2011-04-27 00:00:00+00:00,2011-04-27 15:00:00+00:00,2011-04-27 15:00:00+00:00,1.00000,NCARSTORM,d01,REFL_COM,nan,nan,nan,nan,nan
d01_REFL_COM_20110427-0000_16_16_031,2011-04-27 00:00:00+00:00,2011-04-27 16:00:00+00:00,2011-04-27 16:00:00+00:00,1.00000,NCARSTORM,d01,REFL_COM,nan,nan,nan,nan,nan
d01_REFL_COM_20110427-0000_16_16_032,2011-04-27 00:00:00+00:00,2011-04-27 16:00:00+00:00,2011-04-27 16:00:00+00:00,1.00000,NCARSTORM,d01,REFL_COM,nan,nan,nan,nan,nan
d01_REFL_COM_20110427-0000_16_16_033,2011-04-27 00:00:00+00:00,2011-04-27 16:00:00+00:00,2011-04-27 16:00:00+00:00,1.00000,NCARSTORM,d01,REFL_COM,nan,nan,nan,nan,nan
d01_REFL_COM_20110427-0000_16_17_034,2011-04-27 00:00:00+00:00,2011-04-27 16:00:00+00:00,2011-04-27 17:00:00+00:00,2.00000,NCARSTORM,d01,REFL_COM,nan,nan,nan,nan,nan
d01_REFL_COM_20110427-0000_16_17_035,2011-04-27 00:00:00+00:00,2011-04-27 16:00:00+00:00,2011-04-27 17:00:00+00:00,2.00000,NCARSTORM,d01,REFL_COM,nan,nan,nan,nan,nan
d01_REFL_COM_20110427-0000_16_18_036,2011-04-27 00:00:00+00:00,2011-04-27 16:00:00+00:00,2011-04-27 18:00:00+00:00,3.00000,NCARSTORM,d01,REFL_COM,nan,nan,nan,nan,nan
d01_REFL_COM_20110427-0000_16_16_037,2011-04-27 00:00:00+00:00,2011-04-27 16:00:00+00:00,2011-04-27 16:00:00+00:00,1.00000,NCARSTORM,d01,REFL_COM,nan,nan,nan,nan,nan
d01_REFL_COM_20110427-0000_16_16_038,2011-04-27 00:00:00+00:00,2011-04-27 16:00:00+00:00,2011-04-27 16:00:00+00:00,1.00000,NCARSTORM,d01,REFL_COM,nan,nan,nan,nan,nan
d01_REFL_COM_20110427-0000_16_16_039,2011-04-27 00:00:00+00:00,2011-04-27 16:00:00+00:00,2011-04-27 16:00:00+00:00,1.00000,NCARSTORM,d01,REFL_COM,nan,nan,nan,nan,nan
d01_REFL_COM_20110427-0000_17_17_040,2011-04-27 00:00:00+00:00,2011-04-27 17:00:00+00:00,2011-04-27 17:00:00+00:00,1.00000,NCARSTORM,d01,REFL_COM,nan,nan,nan,nan,nan
d01_REFL_COM_20110427-0000_17_17_041,2011-04-27 00:00:00+00:00,2011-04-27 17:00:00+00:00,2011-04-27 17:00:00+00:00,1.00000,NCARSTORM,d01,REFL_COM,nan,nan,nan,nan,nan
d01_REFL_COM_20110427-0000_17_17_042,2011-04-27 00:00:00+00:00,2011-04-27 17:00:00+00:00,2011-04-27 17:00:00+00:00,1.00000,NCARSTORM,d01,REFL_COM,nan,nan,nan,nan,nan
d01_REFL_COM_20110427-0000_17_17_043,2011-04-27 00:00:00+00:00,2011-04-27 17:00:00+00:00,2011-04-27 17:00:00+00:00,1.00000,NCARSTORM,d01,REFL_COM,nan,nan,nan,nan,nan
d01_REFL_COM_20110427-0000_17_17_044,2011-04-27 00:00:00+00:00,2011-04-27 17:00:00+00:00,2011-04-27 17:00:00+00:00,1.00000,NCARSTORM,d01,REFL_COM,nan,nan,nan,nan,nan
d01_REFL_COM_20110427-0000_18_18_045,2011-04-27 00:00:00+00:00,2011-04-27 18:00:00+00:00,2011-04-27 18:00:00+00:00,1.00000,NCARSTORM,d01,REFL_COM,nan,nan,nan,nan,nan
d01_REFL_COM_20110427-0000_18_21_046,2011-04-27 00:00:00+00:00,2011-04-27 18:00:00+00:00,2011-04-27 21:00:00+00:00,4.00000,NCARSTORM,d01,REFL_COM,nan,nan,nan,nan,nan
d01_REFL_COM_20110427-0000_18_18_047,2011-04-27 00:00:00+00:00,2011-04-27 18:00:00+00:00,2011-04-27 18:00:00+00:00,1.00000,NCARSTORM,d01,REFL_COM,nan,nan,nan,nan,nan
d01_REFL_COM_20110427-0000_18_18_048,2011-04-27 00:00:00+00:00,2011-04-27 18:00:00+00:00,2011-04-27 18:00:00+00:00,1.00000,NCARSTORM,d01,REFL_COM,nan,nan,nan,nan,nan
d01_REFL_COM_20110427-0000_18_20_049,2011-04-27 00:00:00+00:00,2011-04-27 18:00:00+00:00,2011-04-27 20:00:00+00:00,3.00000,NCARSTORM,d01,REFL_COM,nan,nan,nan,nan,nan
d01_REFL_COM_20110427-0000_18_21_050,2011-04-27 00:00:00+00:00,2011-04-27 18:00:00+00:00,2011-04-27 21:00:00+00:00,4.00000,NCARSTORM,d01,REFL_COM,nan,nan,nan,nan,nan
d01_REFL_COM_20110427-0000_18_18_051,2011-04-27 00:00:00+00:00,2011-04-27 18:00:00+00:00,2011-04-27 18:00:00+00:00,1.00000,NCARSTORM,d01,REFL_COM,nan,nan,nan,nan,nan
d01_REFL_COM_20110427-0000_18_18_052,2011-04-27 00:00:00+00:00,2011-04-27 18:00:00+00:00,2011-04-27 18:00:00+00:00,1.00000,NCARSTORM,d01,REFL_COM,nan,nan,nan,nan,nan
d01_REFL_COM_20110427-0000_19_19_053,2011-04-27 00:00:00+00:00,2011-04-27 19:00:00+00:00,2011-04-27 19:00:00+00:00,1.00000,NCARSTORM,d01,REFL_COM,nan,nan,nan,nan,nan
d01_REFL_COM_20110427-0000_19_19_054,2011-04-27 00:00:00+00:00,2011-04-27 19:00:00+00:00,2011-04-27 19:00:00+00:00,1.00000,NCARSTORM,d01,REFL_COM,nan,nan,nan,nan,nan
d01_REFL_COM_20110427-0000_19_19_055,2011-04-27 00:00:00+00:00,2011-04-27 19:00:00+00:00,2011-04-27 19:00:00+00:00,1.00000,NCARSTORM,d01,REFL_COM,nan,nan,nan,nan,nan
d01_REFL_COM_20110427-0000_19_19_056,2011-04-27 00:00:00+00:00,2011-04-27 19:00:00+00:00,2011-04-27 19:00:00+00:00,1.00000,NCARSTORM,d01,REFL_COM,nan,nan,nan,nan,nan
d01_REFL_COM_20110427-0000_19_21_057,2011-04-27 00:00:00+00:00,2011-04-27 19:00:00+00:00,2011-04-27 21:00:00+00:00,3.00000,NCARSTORM,d01,REFL_COM,nan,nan,nan,nan,nan
d01_REFL_COM_20110427-0000_19_19_058,2011-04-27 00:00:00+00:00,2011-04-27 19:00:00+00:00,2011-04-27 19:00:00+00:00,1.00000,NCARSTORM,d01,REFL_COM,nan,nan,nan,nan,nan
d01_REFL_COM_20110427-0000_19_19_059,2011-04-27 00:00:00+00:00,2011-04-27 19:00:00+00:00,2011-04-27 19:00:00+00:00,1.00000,NCARSTORM,d01,REFL_COM,nan,nan,nan,nan,nan
d01_REFL_COM_20110427-0000_19_19_060,2011-04-27 00:00:00+00:00,2011-04-27 19:00:00+00:00,2011-04-27 19:00:00+00:00,1.00000,NCARSTORM,d01,REFL_COM,nan,nan,nan,nan,nan
d01_REFL_COM_20110427-0000_19_19_061,2011-04-27 00:00:00+00:00,2011-04-27 19:00:00+00:00,2011-04-27 19:00:00+00:00,1.00000,NCARSTORM,d01,REFL_COM,nan,nan,nan,nan,nan
d01_REFL_COM_20110427-0000_19_19_062,2011-04-27 00:00:00+00:00,2011-04-27 19:00:00+00:00,2011-04-27 19:00:00+00:00,1.00000,NCARSTORM,d01,REFL_COM,nan,nan,nan,nan,nan
d01_REFL_COM_20110427-0000_19_19_063,2011-04-27 00:00:00+00:00,2011-04-27 19:00:00+00:00,2011-04-27 19:00:00+00:00,1.00000,NCARSTORM,d01,REFL_COM,nan,nan,nan,nan,nan
d01_REFL_COM_20110427-0000_19_21_064,2011-04-27 00:00:00+00:00,2011-04-27 19:00:00+00:00,2011-04-27 21:00:00+00:00,3.00000,NCARSTORM,d01,REFL_COM,nan,nan,nan,nan,nan
d01_REFL_COM_20110427-0000_20_21_065,2011-04-27 00:00:00+00:00,2011-04-27 20:00:00+00:00,2011-04-27 21:00:00+00:00,2.00000,NCARSTORM,d01,REFL_COM,nan,nan,nan,nan,nan
d01_REFL_COM_20110427-0000_20_21_066,2011-04-27 00:00:00+00:00,2011-04-27 20:00:00+00:00,2011-04-27 21:00:00+00:00,2.00000,NCARSTORM,d01,REFL_COM,nan,nan,nan,nan,nan
d01_REFL_COM_20110427-0000_20_21_067,2011-04-27 00:00:00+00:00,2011-04-27 20:00:00+00:00,2011-04-27 21:00:00+00:00,2.00000,NCARSTORM,d01,REFL_COM,nan,nan,nan,nan,nan
d01_REFL_COM_20110427-0000_20_20_068,2011-04-27 00:00:00+00:00,2011-04-27 20:00:00+00:00,2011-04-27 20:00:00+00:00,1.00000,NCARSTORM,d01,REFL_COM,nan,nan,nan,nan,nan
d01_REFL_COM_20110427-0000_20_20_069,2011-04-27 00:00:00+00:00,2011-04-27 20:00:00+00:00,2011-04-27 20:00:00+00:00,1.00000,NCARSTORM,d01,REFL_COM,nan,nan,nan,nan,nan
d01_REFL_COM_20110427-0000_20_21_070,2011-04-27 00:00:00+00:00,2011-04-27 20:00:00+00:00,2011-04-27 21:00:00+00:00,2.00000,NCARSTORM,d01,REFL_COM,nan,nan,nan,nan,nan
d01_REFL_COM_20110427-0000_20_21_071,2011-04-27 00:00:00+00:00,2011-04-27 20:00:00+00:00,2011-04-27 21:00:00+00:00,2.00000,NCARSTORM,d01,REFL_COM,nan,nan,nan,nan,nan
d01_REFL_COM_20110427-0000_20_20_072,2011-04-27 00:00:00+00:00,2011-04-27 20:00:00+00:00,2011-04-27 20:00:00+00:00,1.00000,NCARSTORM,d01,REFL_COM,nan,nan,nan,nan,nan
d01_REFL_COM_20110427-0000_20_20_073,2011-04-27 00:00:00+00:00,2011-04-27 20:00:00+00:00,2011-04-27 20:00:00+00:00,1.00000,NCARSTORM,d01,REFL_COM,nan,nan,nan,nan,nan
d01_REFL_COM_20110427-0000_20_22_074,2011-04-27 00:00:00+00:00,2011-04-27 20:00:00+00:00,2011-04-27 22:00:00+00:00,3.00000,NCARSTORM,d01,REFL_COM,nan,nan,nan,nan,nan
d01_REFL_COM_20110427-0000_20_20_075,2011-04-27 00:00:00+00:00,2011-04-27 20:00:00+00:00,2011-04-27 20:00:00+00:00,1.00000,NCARSTORM,d01,REFL_COM,nan,nan,nan,nan,nan
d01_REFL_COM_20110427-0000_20_20_076,2011-04-27 00:00:00+00:00,2011-04-27 20:00:00+00:00,2011-04-27 20:00:00+00:00,1.00000,NCARSTORM,d01,REFL_COM,nan,nan,nan,nan,nan
d01_REFL_COM_20110427-0000_20_20_077,2011-04-27 00:00:00+00:00,2011-04-27 20:00:00+00:00,2011-04-27 20:00:00+00:00,1.00000,NCARSTORM,d01,REFL_COM,nan,nan,nan,nan,nan
d01_REFL_COM_20110427-0000_20_20_078,2011-04-27 00:00:00+00:00,2011-04-27 20:00:00+00:00,2011-04-27 20:00:00+00:00,1.00000,NCARSTORM,d01,REFL_COM,nan,nan,nan,nan,nan
d01_REFL_COM_20110427-0000_20_20_079,2011-04-27 00:00:00+00:00,2011-04-27 20:00:00+00:00,2011-04-27 20:00:00+00:00,1.00000,NCARSTORM,d01,REFL_COM,nan,nan,nan,nan,nan
d01_REFL_COM_20110427-0000_20_20_080,2011-04-27 00:00:00+00:00,2011-04-27 20:00:00+00:00,2011-04-27 20:00:00+00:00,1.00000,NCARSTORM,d01,REFL_COM,nan,nan,nan,nan,nan
d01_REFL_COM_20110427-0000_20_20_081,2011-04-27 00:00:00+00:00,2011-04-27 20:00:00+00:00,2011-04-27 20:00:00+00:00,1.00000,NCARSTORM,d01,REFL_COM,nan,nan,nan,nan,nan
d01_REFL_COM_20110427-0000_20_20_082,2011-04-27 00:00:00+00:00,2011-04-27 20:00:00+00:00,2011-04-27 20:00:00+00:00,1.00000,NCARSTORM,d01,REFL_COM,nan,nan,nan,nan,nan
d01_REFL_COM_20110427-0000_21_21_083,2011-04-27 00:00:00+00:00,2011-04-27 21:00:00+00:00,2011-04-27 21:00:00+00:00,1.00000,NCARSTORM,d01,REFL_COM,nan,nan,nan,nan,nan
d01_REFL_COM_20110427-0000_21_22_084,2011-04-27 00:00:00+00:00,2011-04-27 21:00:00+00:00,2011-04-27 22:00:00+00:00,2.00000,NCARSTORM,d01,REFL_COM,nan,nan,nan,nan,nan
d01_REFL_COM_20110427-0000_21_21_085,2011-04-27 00:00:00+00:00,2011-04-27 21:00:00+00:00,2011-04-27 21:00:00+00:00,1.00000,NCARSTORM,d01,REFL_COM,nan,nan,nan,nan,nan
d01_REFL_COM_20110427-0000_21_21_086,2011-04-27 00:00:00+00:00,2011-04-27 21:00:00+00:00,2011-04-27 21:00:00+00:00,1.00000,NCARSTORM,d01,REFL_COM,nan,nan,nan,nan,nan
d01_REFL_COM_20110427-0000_21_21_087,2011-04-27 00:00:00+00:00,2011-04-27 21:00:00+00:00,2011-04-27 21:00:00+00:00,1.00000,NCARSTORM,d01,REFL_COM,nan,nan,nan,nan,nan
d01_REFL_COM_20110427-0000_21_23_088,2011-04-27 00:00:00+00:00,2011-04-27 21:00:00+00:00,2011-04-27 23:00:00+00:00,3.00000,NCARSTORM,d01,REFL_COM,nan,nan,nan,nan,nan
d01_REFL_COM_20110427-0000_21_23_089,2011-04-27 00:00:00+00:00,2011-04-27 21:00:00+00:00,2011-04-27 23:00:00+00:00,3.00000,NCARSTORM,d01,REFL_COM,nan,nan,nan,nan,nan
d01_REFL_COM_20110427-0000_21_23_090,2011-04-27 00:00:00+00:00,2011-04-27 21:00:00+00:00,2011-04-27 23:00:00+00:00,3.00000,NCARSTORM,d01,REFL_COM,nan,nan,nan,nan,nan
d01_REFL_COM_20110427-0000_21_21_091,2011-04-27 00:00:00+00:00,2011-04-27 21:00:00+00:00,2011-04-27 21:00:00+00:00,1.00000,NCARSTORM,d01,REFL_COM,nan,nan,nan,nan,nan
d01_REFL_COM_20110427-0000_21_22_092,2011-04-27 00:00:00+00:00,2011-04-27 21:00:00+00:00,2011-04-27 22:00:00+00:00,2.00000,NCARSTORM,d01,REFL_COM,nan,nan,nan,nan,nan
d01_REFL_COM_20110427-0000_21_21_093,2011-04-27 00:00:00+00:00,2011-04-27 21:00:00+00:00,2011-04-27 21:00:00+00:00,1.00000,NCARSTORM,d01,REFL_COM,nan,nan,nan,nan,nan
d01_REFL_COM_20110427-0000_21_24_094,2011-04-27 00:00:00+00:00,2011-04-27 21:00:00+00:00,2011-04-28 00:00:00+00:00,4.00000,NCARSTORM,d01,REFL_COM,nan,nan,nan,nan,nan
d01_REFL_COM_20110427-0000_21_21_095,2011-04-27 00:00:00+00:00,2011-04-27 21:00:00+00:00,2011-04-27 21:00:00+00:00,1.00000,NCARSTORM,d01,REFL_COM,nan,nan,nan,nan,nan
d01_REFL_COM_20110427-0000_21_21_096,2011-04-27 00:00:00+00:00,2011-04-27 21:00:00+00:00,2011-04-27 21:00:00+00:00,1.00000,NCARSTORM,d01,REFL_COM,nan,nan,nan,nan,nan
d01_REFL_COM_20110427-0000_21_21_097,2011-04-27 00:00:00+00:00,2011-04-27 21:00:00+00:00,2011-04-27 21:00:00+00:00,1.00000,NCARSTORM,d01,REFL_COM,nan,nan,nan,nan,nan
d01_REFL_COM_20110427-0000_21_21_098,2011-04-27 00:00:00+00:00,2011-04-27 21:00:00+00:00,2011-04-27 21:00:00+00:00,1.00000,NCARSTORM,d01,REFL_COM,nan,nan,nan,nan,nan
d01_REFL_COM_20110427-0000_22_22_099,2011-04-27 00:00:00+00:00,2011-04-27 22:00:00+00:00,2011-04-27 22:00:00+00:00,1.00000,NCARSTORM,d01,REFL_COM,nan,nan,nan,nan,nan
d01_REFL_COM_20110427-0000_22_22_100,2011-04-27 00:00:00+00:00,2011-04-27 22:00:00+00:00,2011-04-27 22:00:00+00:00,1.00000,NCARSTORM,d01,REFL_COM,nan,nan,nan,nan,nan
d01_REFL_COM_20110427-0000_22_22_101,2011-04-27 00:00:00+00:00,2011-04-27 22:00:00+00:00,2011-04-27 22:00:00+00:00,1.00000,NCARSTORM,d01,REFL_COM,nan,nan,nan,nan,nan
d01_REFL_COM_20110427-0000_22_22_102,2011-04-27 00:00:00+00:00,2011-04-27 22:00:00+00:00,2011-04-27 22:00:00+00:00,1.00000,NCARSTORM,d01,REFL_COM,nan,nan,nan,nan,nan
d01_REFL_COM_20110427-0000_22_22_103,2011-04-27 00:00:00+00:00,2011-04-27 22:00:00+00:00,2011-04-27 22:00:00+00:00,1.00000,NCARSTORM,d01,REFL_COM,nan,nan,nan,nan,nan
d01_REFL_COM_20110427-0000_22_23_104,2011-04-27 00:00:00+00:00,2011-04-27 22:00:00+00:00,2011-04-27 23:00:00+00:00,2.00000,NCARSTORM,d01,REFL_COM,nan,nan,nan,nan,nan
d01_REFL_COM_20110427-0000_22_22_105,2011-04-27 00:00:00+00:00,2011-04-27 22:00:00+00:00,2011-04-27 22:00:00+00:00,1.00000,NCARSTORM,d01,REFL_COM,nan,nan,nan,nan,nan
d01_REFL_COM_20110427-0000_22_22_106,2011-04-27 00:00:00+00:00,2011-04-27 22:00:00+00:00,2011-04-27 22:00:00+00:00,1.00000,NCARSTORM,d01,REFL_COM,nan,nan,nan,nan,nan
d01_REFL_COM_20110427-0000_22_22_107,2011-04-27 00:00:00+00:00,2011-04-27 22:00:00+00:00,2011-04-27 22:00:00+00:00,1.00000,NCARSTORM,d01,REFL_COM,nan,nan,nan,nan,nan
d01_REFL_COM_20110427-0000_22_22_108,2011-04-27 00:00:00+00:00,2011-04-27 22:00:00+00:00,2011-04-27 22:00:00+00:00,1.00000,NCARSTORM,d01,REFL_COM,nan,nan,nan,nan,nan
d01_REFL_COM_20110427-0000_22_22_109,2011-04-27 00:00:00+00:00,2011-04-27 22:00:00+00:00,2011-04-27 22:00:00+00:00,1.00000,NCARSTORM,d01,REFL_COM,nan,nan,nan,nan,nan
d01_REFL_COM_20110427-0000_22_22_110,2011-04-27 00:00:00+00:00,2011-04-27 22:00:00+00:00,2011-04-27 22:00:00+00:00,1.00000,NCARSTORM,d01,REFL_COM,nan,nan,nan,nan,nan
d01_REFL_COM_20110427-0000_22_23_111,2011-04-27 00:00:00+00:00,2011-04-27 22:00:00+00:00,2011-04-27 23:00:00+00:00,2.00000,NCARSTORM,d01,REFL_COM,nan,nan,nan,nan,nan
d01_REFL_COM_20110427-0000_22_24_112,2011-04-27 00:00:00+00:00,2011-04-27 22:00:00+00:00,2011-04-28 00:00:00+00:00,3.00000,NCARSTORM,d01,REFL_COM,nan,nan,nan,nan,nan
d01_REFL_COM_20110427-0000_22_24_113,2011-04-27 00:00:00+00:00,2011-04-27 22:00:00+00:00,2011-04-28 00:00:00+00:00,3.00000,NCARSTORM,d01,REFL_COM,nan,nan,nan,nan,nan
d01_REFL_COM_20110427-0000_22_22_114,2011-04-27 00:00:00+00:00,2011-04-27 22:00:00+00:00,2011-04-27 22:00:00+00:00,1.00000,NCARSTORM,d01,REFL_COM,nan,nan,nan,nan,nan
d01_REFL_COM_20110427-0000_22_22_115,2011-04-27 00:00:00+00:00,2011-04-27 22:00:00+00:00,2011-04-27 22:00:00+00:00,1.00000,NCARSTORM,d01,REFL_COM,nan,nan,nan,nan,nan
d01_REFL_COM_20110427-0000_23_24_116,2011-04-27 00:00:00+00:00,2011-04-27 23:00:00+00:00,2011-04-28 00:00:00+00:00,2.00000,NCARSTORM,d01,REFL_COM,nan,nan,nan,nan,nan
d01_REFL_COM_20110427-0000_23_24_117,2011-04-27 00:00:00+00:00,2011-04-27 23:00:00+00:00,2011-04-28 00:00:00+00:00,2.00000,NCARSTORM,d01,REFL_COM,nan,nan,nan,nan,nan
d01_REFL_COM_20110427-0000_23_23_118,2011-04-27 00:00:00+00:00,2011-04-27 23:00:00+00:00,2011-04-27 23:00:00+00:00,1.00000,NCARSTORM,d01,REFL_COM,nan,nan,nan,nan,nan
d01_REFL_COM_20110427-0000_23_23_119,2011-04-27 00:00:00+00:00,2011-04-27 23:00:00+00:00,2011-04-27 23:00:00+00:00,1.00000,NCARSTORM,d01,REFL_COM,nan,nan,nan,nan,nan
d01_REFL_COM_20110427-0000_23_23_120,2011-04-27 00:00:00+00:00,2011-04-27 23:00:00+00:00,2011-04-27 23:00:00+00:00,1.00000,NCARSTORM,d01,REFL_COM,nan,nan,nan,nan,nan
d01_REFL_COM_20110427-0000_23_23_121,2011-04-27 00:00:00+00:00,2011-04-27 23:00:00+00:00,2011-04-27 23:00:00+00:00,1.00000,NCARSTORM,d01,REFL_COM,nan,nan,nan,nan,nan
d01_REFL_COM_20110427-0000_23_23_122,2011-04-27 00:00:00+00:00,2011-04-27 23:00:00+00:00,2011-04-27 23:00:00+00:00,1.00000,NCARSTORM,d01,REFL_COM,nan,nan,nan,nan,nan
d01_REFL_COM_20110427-0000_23_23_123,2011-04-27 00:00:00+00:00,2011-04-27 23:00:00+00:00,2011-04-27 23:00:00+00:00,1.00000,NCARSTORM,d01,REFL_COM,nan,nan,nan,nan,nan
d01_REFL_COM_20110427-0000_23_23_124,2011-04-27 00:00:00+00:00,2011-04-27 23:00:00+00:00,2011-04-27 23:00:00+00:00,1.00000,NCARSTORM,d01,REFL_COM,nan,nan,nan,nan,nan
d01_REFL_COM_20110427-0000_23_23_125,2011-04-27 00:00:00+00:00,2011-04-27 23:00:00+00:00,2011-04-27 23:00:00+00:00,1.00000,NCARSTORM,d01,REFL_COM,nan,nan,nan,nan,nan
d01_REFL_COM_20110427-0000_23_25_126,2011-04-27 00:00:00+00:00,2011-04-27 23:00:00+00:00,2011-04-28 01:00:00+00:00,3.00000,NCARSTORM,d01,REFL_COM,nan,nan,nan,nan,nan
d01_REFL_COM_20110427-0000_24_24_127,2011-04-27 00:00:00+00:00,2011-04-28 00:00:00+00:00,2011-04-28 00:00:00+00:00,1.00000,NCARSTORM,d01,REFL_COM,nan,nan,nan,nan,nan
d01_REFL_COM_20110427-0000_24_24_128,2011-04-27 00:00:00+00:00,2011-04-28 00:00:00+00:00,2011-04-28 00:00:00+00:00,1.00000,NCARSTORM,d01,REFL_COM,nan,nan,nan,nan,nan
d01_REFL_COM_20110427-0000_24_24_129,2011-04-27 00:00:00+00:00,2011-04-28 00:00:00+00:00,2011-04-28 00:00:00+00:00,1.00000,NCARSTORM,d01,REFL_COM,nan,nan,nan,nan,nan
d01_REFL_COM_20110427-0000_24_24_130,2011-04-27 00:00:00+00:00,2011-04-28 00:00:00+00:00,2011-04-28 00:00:00+00:00,1.00000,NCARSTORM,d01,REFL_COM,nan,nan,nan,nan,nan
d01_REFL_COM_20110427-0000_24_24_131,2011-04-27 00:00:00+00:00,2011-04-28 00:00:00+00:00,2011-04-28 00:00:00+00:00,1.00000,NCARSTORM,d01,REFL_COM,nan,nan,nan,nan,nan
d01_REFL_COM_20110427-0000_24_24_132,2011-04-27 00:00:00+00:00,2011-04-28 00:00:00+00:00,2011-04-28 00:00:00+00:00,1.00000,NCARSTORM,d01,REFL_COM,nan,nan,nan,nan,nan
d01_REFL_COM_20110427-0000_24_25_133,2011-04-27 00:00:00+00:00,2011-04-28 00:00:00+00:00,2011-04-28 01:00:00+00:00,2.00000,NCARSTORM,d01,REFL_COM,nan,nan,nan,nan,nan
d01_REFL_COM_20110427-0000_24_24_134,2011-04-27 00:00:00+00:00,2011-04-28 00:00:00+00:00,2011-04-28 00:00:00+00:00,1.00000,NCARSTORM,d01,REFL_COM,nan,nan,nan,nan,nan
d01_REFL_COM_20110427-0000_24_24_135,2011-04-27 00:00:00+00:00,2011-04-28 00:00:00+00:00,2011-04-28 00:00:00+00:00,1.00000,NCARSTORM,d01,REFL_COM,nan,nan,nan,nan,nan
d01_REFL_COM_20110427-0000_24_24_136,2011-04-27 00:00:00+00:00,2011-04-28 00:00:00+00:00,2011-04-28 00:00:00+00:00,1.00000,NCARSTORM,d01,REFL_COM,nan,nan,nan,nan,nan
d01_REFL_COM_20110427-0000_24_24_137,2011-04-27 00:00:00+00:00,2011-04-28 00:00:00+00:00,2011-04-28 00:00:00+00:00,1.00000,NCARSTORM,d01,REFL_COM,nan,nan,nan,nan,nan
d01_REFL_COM_20110427-0000_24_24_138,2011-04-27 00:00:00+00:00,2011-04-28 00:00:00+00:00,2011-04-28 00:00:00+00:00,1.00000,NCARSTORM,d01,REFL_COM,nan,nan,nan,nan,nan
d01_REFL_COM_20110427-0000_25_25_139,2011-04-27 00:00:00+00:00,2011-04-28 01:00:00+00:00,2011-04-28 01:00:00+00:00,1.00000,NCARSTORM,d01,REFL_COM,nan,nan,nan,nan,nan
d01_REFL_COM_20110427-0000_25_25_140,2011-04-27 00:00:00+00:00,2011-04-28 01:00:00+00:00,2011-04-28 01:00:00+00:00,1.00000,NCARSTORM,d01,REFL_COM,nan,nan,nan,nan,nan
d01_REFL_COM_20110427-0000_25_25_141,2011-04-27 00:00:00+00:00,2011-04-28 01:00:00+00:00,2011-04-28 01:00:00+00:00,1.00000,NCARSTORM,d01,REFL_COM,nan,nan,nan,nan,nan
d01_REFL_COM_20110427-0000_25_26_142,2011-04-27 00:00:00+00:00,2011-04-28 01:00:00+00:00,2011-04-28 02:00:00+00:00,2.00000,NCARSTORM,d01,REFL_COM,nan,nan,nan,nan,nan
d01_REFL_COM_20110427-0000_25_25_143,2011-04-27 00:00:00+00:00,2011-04-28 01:00:00+00:00,2011-04-28 01:00:00+00:00,1.00000,NCARSTORM,d01,REFL_COM,nan,nan,nan,nan,nan
d01_REFL_COM_20110427-0000_25_25_144,2011-04-27 00:00:00+00:00,2011-04-28 01:00:00+00:00,2011-04-28 01:00:00+00:00,1.00000,NCARSTORM,d01,REFL_COM,nan,nan,nan,nan,nan
d01_REFL_COM_20110427-0000_25_25_145,2011-04-27 00:00:00+00:00,2011-04-28 01:00:00+00:00,2011-04-28 01:00:00+00:00,1.00000,NCARSTORM,d01,REFL_COM,nan,nan,nan,nan,nan
d01_REFL_COM_20110427-0000_25_25_146,2011-04-27 00:00:00+00:00,2011-04-28 01:00:00+00:00,2011-04-28 01:00:00+00:00,1.00000,NCARSTORM,d01,REFL_COM,nan,nan,nan,nan,nan
d01_REFL_COM_20110427-0000_25_26_147,2011-04-27 00:00:00+00:00,2011-04-28 01:00:00+00:00,2011-04-28 02:00:00+00:00,2.00000,NCARSTORM,d01,REFL_COM,nan,nan,nan,nan,nan
d01_REFL_COM_20110427-0000_25_25_148,2011-04-27 00:00:00+00:00,2011-04-28 01:00:00+00:00,2011-04-28 01:00:00+00:00,1.00000,NCARSTORM,d01,REFL_COM,nan,nan,nan,nan,nan
d01_REFL_COM_20110427-0000_26_26_149,2011-04-27 00:00:00+00:00,2011-04-28 02:00:00+00:00,2011-04-28 02:00:00+00:00,1.00000,NCARSTORM,d01,REFL_COM,nan,nan,nan,nan,nan
d01_REFL_COM_20110427-0000_26_26_150,2011-04-27 00:00:00+00:00,2011-04-28 02:00:00+00:00,2011-04-28 02:00:00+00:00,1.00000,NCARSTORM,d01,REFL_COM,nan,nan,nan,nan,nan
d01_REFL_COM_20110427-0000_26_26_151,2011-04-27 00:00:00+00:00,2011-04-28 02:00:00+00:00,2011-04-28 02:00:00+00:00,1.00000,NCARSTORM,d01,REFL_COM,nan,nan,nan,nan,nan
d01_REFL_COM_20110427-0000_26_26_152,2011-04-27 00:00:00+00:00,2011-04-28 02:00:00+00:00,2011-04-28 02:00:00+00:00,1.00000,NCARSTORM,d01,REFL_COM,nan,nan,nan,nan,nan
d01_REFL_COM_20110427-0000_26_26_153,2011-04-27 00:00:00+00:00,2011-04-28 02:00:00+00:00,2011-04-28 02:00:00+00:00,1.00000,NCARSTORM,d01,REFL_COM,nan,nan,nan,nan,nan
d01_REFL_COM_20110427-0000_26_27_154,2011-04-27 00:00:00+00:00,2011-04-28 02:00:00+00:00,2011-04-28 03:00:00+00:00,2.00000,NCARSTORM,d01,REFL_COM,nan,nan,nan,nan,nan
d01_REFL_COM_20110427-0000_26_26_155,2011-04-27 00:00:00+00:00,2011-04-28 02:00:00+00:00,2011-04-28 02:00:00+00:00,1.00000,NCARSTORM,d01,REFL_COM,nan,nan,nan,nan,nan
d01_REFL_COM_20110427-0000_26_27_156,2011-04-27 00:00:00+00:00,2011-04-28 02:00:00+00:00,2011-04-28 03:00:00+00:00,2.00000,NCARSTORM,d01,REFL_COM,nan,nan,nan,nan,nan
d01_REFL_COM_20110427-0000_26_26_157,2011-04-27 00:00:00+00:00,2011-04-28 02:00:00+00:00,2011-04-28 02:00:00+00:00,1.00000,NCARSTORM,d01,REFL_COM,nan,nan,nan,nan,nan
d01_REFL_COM_20110427-0000_27_27_158,2011-04-27 00:00:00+00:00,2011-04-28 03:00:00+00:00,2011-04-28 03:00:00+00:00,1.00000,NCARSTORM,d01,REFL_COM,nan,nan,nan,nan,nan
d01_REFL_COM_20110427-0000_27_27_159,2011-04-27 00:00:00+00:00,2011-04-28 03:00:00+00:00,2011-04-28 03:00:00+00:00,1.00000,NCARSTORM,d01,REFL_COM,nan,nan,nan,nan,nan
d01_REFL_COM_20110427-0000_27_27_160,2011-04-27 00:00:00+00:00,2011-04-28 03:00:00+00:00,2011-04-28 03:00:00+00:00,1.00000,NCARSTORM,d01,REFL_COM,nan,nan,nan,nan,nan
d01_REFL_COM_20110427-0000_27_27_161,2011-04-27 00:00:00+00:00,2011-04-28 03:00:00+00:00,2011-04-28 03:00:00+00:00,1.00000,NCARSTORM,d01,REFL_COM,nan,nan,nan,nan,nan
d01_REFL_COM_20110427-0000_28_28_162,2011-04-27 00:00:00+00:00,2011-04-28 04:00:00+00:00,2011-04-28 04:00:00+00:00,1.00000,NCARSTORM,d01,REFL_COM,nan,nan,nan,nan,nan
d01_REFL_COM_20110427-0000_28_29_163,2011-04-27 00:00:00+00:00,2011-04-28 04:00:00+00:00,2011-04-28 05:00:00+00:00,2.00000,NCARSTORM,d01,REFL_COM,nan,nan,nan,nan,nan
d01_REFL_COM_20110427-0000_28_28_164,2011-04-27 00:00:00+00:00,2011-04-28 04:00:00+00:00,2011-04-28 04:00:00+00:00,1.00000,NCARSTORM,d01,REFL_COM,nan,nan,nan,nan,nan
d01_REFL_COM_20110427-0000_28_28_165,2011-04-27 00:00:00+00:00,2011-04-28 04:00:00+00:00,2011-04-28 04:00:00+00:00,1.00000,NCARSTORM,d01,REFL_COM,nan,nan,nan,nan,nan
d01_REFL_COM_20110427-0000_28_28_166,2011-04-27 00:00:00+00:00,2011-04-28 04:00:00+00:00,2011-04-28 04:00:00+00:00,1.00000,NCARSTORM,d01,REFL_COM,nan,nan,nan,nan,nan
d01_REFL_COM_20110427-0000_28_28_167,2011-04-27 00:00:00+00:00,2011-04-28 04:00:00+00:00,2011-04-28 04:00:00+00:00,1.00000,NCARSTORM,d01,REFL_COM,nan,nan,nan,nan,nan
d01_REFL_COM_20110427-0000_28_28_168,2011-04-27 00:00:00+00:00,2011-04-28 04:00:00+00:00,2011-04-28 04:00:00+00:00,1.00000,NCARSTORM,d01,REFL_COM,nan,nan,nan,nan,nan
d01_REFL_COM_20110427-0000_28_28_169,2011-04-27 00:00:00+00:00,2011-04-28 04:00:00+00:00,2011-04-28 04:00:00+00:00,1.00000,NCARSTORM,d01,REFL_COM,nan,nan,nan,nan,nan
d01_REFL_COM_20110427-0000_29_29_170,2011-04-27 00:00:00+00:00,2011-04-28 05:00:00+00:00,2011-04-28 05:00:00+00:00,1.00000,NCARSTORM,d01,REFL_COM,nan,nan,nan,nan,nan
d01_REFL_COM_20110427-0000_29_29_171,2011-04-27 00:00:00+00:00,2011-04-28 05:00:00+00:00,2011-04-28 05:00:00+00:00,1.00000,NCARSTORM,d01,REFL_COM,nan,nan,nan,nan,nan
d01_REFL_COM_20110427-0000_29_29_172,2011-04-27 00:00:00+00:00,2011-04-28 05:00:00+00:00,2011-04-28 05:00:00+00:00,1.00000,NCARSTORM,d01,REFL_COM,nan,nan,nan,nan,nan
d01_REFL_COM_20110427-0000_29_29_173,2011-04-27 00:00:00+00:00,2011-04-28 05:00:00+00:00,2011-04-28 05:00:00+00:00,1.00000,NCARSTORM,d01,REFL_COM,nan,nan,nan,nan,nan
d01_REFL_COM_20110427-0000_29_29_174,2011-04-27 00:00:00+00:00,2011-04-28 05:00:00+00:00,2011-04-28 05:00:00+00:00,1.00000,NCARSTORM,d01,REFL_COM,nan,nan,nan,nan,nan
d01_REFL_COM_20110427-0000_30_30_175,2011-04-27 00:00:00+00:00,2011-04-28 06:00:00+00:00,2011-04-28 06:00:00+00:00,1.00000,NCARSTORM,d01,REFL_COM,nan,nan,nan,nan,nan
d01_REFL_COM_20110427-0000_30_30_176,2011-04-27 00:00:00+00:00,2011-04-28 06:00:00+00:00,2011-04-28 06:00:00+00:00,1.00000,NCARSTORM,d01,REFL_COM,nan,nan,nan,nan,nan
d01_REFL_COM_20110427-0000_30_30_177,2011-04-27 00:00:00+00:00,2011-04-28 06:00:00+00:00,2011-04-28 06:00:00+00:00,1.00000,NCARSTORM,d01,REFL_COM,nan,nan,nan,nan,nan
d01_REFL_COM_20110427-0000_30_30_178,2011-04-27 00:00:00+00:00,2011-04-28 06:00:00+00:00,2011-04-28 06:00:00+00:00,1.00000,NCARSTORM,d01,REFL_COM,nan,nan,nan,nan,nan
d01_REFL_COM_20110427-0000_30_30_179,2011-04-27 00:00:00+00:00,2011-04-28 06:00:00+00:00,2011-04-28 06:00:00+00:00,1.00000,NCARSTORM,d01,REFL_COM,nan,nan,nan,nan,nan
d01_REFL_COM_20110427-0000_30_30_180,2011-04-27 00:00:00+00:00,2011-04-28 06:00:00+00:00,2011-04-28 06:00:00+00:00,1.00000,NCARSTORM,d01,REFL_COM,nan,nan,nan,nan,nan
d01_REFL_COM_20110427-0000_31_31_181,2011-04-27 00:00:00+00:00,2011-04-28 07:00:00+00:00,2011-04-28 07:00:00+00:00,1.00000,NCARSTORM,d01,REFL_COM,nan,nan,nan,nan,nan
d01_REFL_COM_20110427-0000_31_32_182,2011-04-27 00:00:00+00:00,2011-04-28 07:00:00+00:00,2011-04-28 08:00:00+00:00,2.00000,NCARSTORM,d01,REFL_COM,nan,nan,nan,nan,nan
d01_REFL_COM_20110427-0000_31_31_183,2011-04-27 00:00:00+00:00,2011-04-28 07:00:00+00:00,2011-04-28 07:00:00+00:00,1.00000,NCARSTORM,d01,REFL_COM,nan,nan,nan,nan,nan
d01_REFL_COM_20110427-0000_31_32_184,2011-04-27 00:00:00+00:00,2011-04-28 07:00:00+00:00,2011-04-28 08:00:00+00:00,2.00000,NCARSTORM,d01,REFL_COM,nan,nan,nan,nan,nan
d01_REFL_COM_20110427-0000_31_31_185,2011-04-27 00:00:00+00:00,2011-04-28 07:00:00+00:00,2011-04-28 07:00:00+00:00,1.00000,NCARSTORM,d01,REFL_COM,nan,nan,nan,nan,nan
d01_REFL_COM_20110427-0000_31_31_186,2011-04-27 00:00:00+00:00,2011-04-28 07:00:00+00:00,2011-04-28 07:00:00+00:00,1.00000,NCARSTORM,d01,REFL_COM,nan,nan,nan,nan,nan
d01_REFL_COM_20110427-0000_31_31_187,2011-04-27 00:00:00+00:00,2011-04-28 07:00:00+00:00,2011-04-28 07:00:00+00:00,1.00000,NCARSTORM,d01,REFL_COM,nan,nan,nan,nan,nan
d01_REFL_COM_20110427-0000_31_31_188,2011-04-27 00:00:00+00:00,2011-04-28 07:00:00+00:00,2011-04-28 07:00:00+00:00,1.00000,NCARSTORM,d01,REFL_COM,nan,nan,nan,nan,nan
d01_REFL_COM_20110427-0000_31_31_189,2011-04-27 00:00:00+00:00,2011-04-28 07:00:00+00:00,2011-04-28 07:00:00+00:00,1.00000,NCARSTORM,d01,REFL_COM,nan,nan,nan,nan,nan
d01_REFL_COM_20110427-0000_31_31_190,2011-04-27 00:00:00+00:00,2011-04-28 07:00:00+00:00,2011-04-28 07:00:00+00:00,1.00000,NCARSTORM,d01,REFL_COM,nan,nan,nan,nan,nan
d01_REFL_COM_20110427-0000_31_34_191,2011-04-27 00:00:00+00:00,2011-04-28 07:00:00+00:00,2011-04-28 10:00:00+00:00,4.00000,NCARSTORM,d01,REFL_COM,nan,nan,nan,nan,nan
d01_REFL_COM_20110427-0000_31_31_192,2011-04-27 00:00:00+00:00,2011-04-28 07:00:00+00:00,2011-04-28 07:00:00+00:00,1.00000,NCARSTORM,d01,REFL_COM,nan,nan,nan,nan,nan
d01_REFL_COM_20110427-0000_31_31_193,2011-04-27 00:00:00+00:00,2011-04-28 07:00:00+00:00,2011-04-28 07:00:00+00:00,1.00000,NCARSTORM,d01,REFL_COM,nan,nan,nan,nan,nan
d01_REFL_COM_20110427-0000_32_32_194,2011-04-27 00:00:00+00:00,2011-04-28 08:00:00+00:00,2011-04-28 08:00:00+00:00,1.00000,NCARSTORM,d01,REFL_COM,nan,nan,nan,nan,nan
d01_REFL_COM_20110427-0000_32_32_195,2011-04-27 00:00:00+00:00,2011-04-28 08:00:00+00:00,2011-04-28 08:00:00+00:00,1.00000,NCARSTORM,d01,REFL_COM,nan,nan,nan,nan,nan
d01_REFL_COM_20110427-0000_32_32_196,2011-04-27 00:00:00+00:00,2011-04-28 08:00:00+00:00,2011-04-28 08:00:00+00:00,1.00000,NCARSTORM,d01,REFL_COM,nan,nan,nan,nan,nan
d01_REFL_COM_20110427-0000_32_32_197,2011-04-27 00:00:00+00:00,2011-04-28 08:00:00+00:00,2011-04-28 08:00:00+00:00,1.00000,NCARSTORM,d01,REFL_COM,nan,nan,nan,nan,nan
d01_REFL_COM_20110427-0000_32_32_198,2011-04-27 00:00:00+00:00,2011-04-28 08:00:00+00:00,2011-04-28 08:00:00+00:00,1.00000,NCARSTORM,d01,REFL_COM,nan,nan,nan,nan,nan
d01_REFL_COM_20110427-0000_32_32_199,2011-04-27 00:00:00+00:00,2011-04-28 08:00:00+00:00,2011-04-28 08:00:00+00:00,1.00000,NCARSTORM,d01,REFL_COM,nan,nan,nan,nan,nan
d01_REFL_COM_20110427-0000_32_32_200,2011-04-27 00:00:00+00:00,2011-04-28 08:00:00+00:00,2011-04-28 08:00:00+00:00,1.00000,NCARSTORM,d01,REFL_COM,nan,nan,nan,nan,nan
d01_REFL_COM_20110427-0000_33_35_201,2011-04-27 00:00:00+00:00,2011-04-28 09:00:00+00:00,2011-04-28 11:00:00+00:00,3.00000,NCARSTORM,d01,REFL_COM,nan,nan,nan,nan,nan
d01_REFL_COM_20110427-0000_33_33_202,2011-04-27 00:00:00+00:00,2011-04-28 09:00:00+00:00,2011-04-28 09:00:00+00:00,1.00000,NCARSTORM,d01,REFL_COM,nan,nan,nan,nan,nan
d01_REFL_COM_20110427-0000_33_34_203,2011-04-27 00:00:00+00:00,2011-04-28 09:00:00+00:00,2011-04-28 10:00:00+00:00,2.00000,NCARSTORM,d01,REFL_COM,nan,nan,nan,nan,nan
d01_REFL_COM_20110427-0000_33_33_204,2011-04-27 00:00:00+00:00,2011-04-28 09:00:00+00:00,2011-04-28 09:00:00+00:00,1.00000,NCARSTORM,d01,REFL_COM,nan,nan,nan,nan,nan
d01_REFL_COM_20110427-0000_33_33_205,2011-04-27 00:00:00+00:00,2011-04-28 09:00:00+00:00,2011-04-28 09:00:00+00:00,1.00000,NCARSTORM,d01,REFL_COM,nan,nan,nan,nan,nan
d01_REFL_COM_20110427-0000_33_33_206,2011-04-27 00:00:00+00:00,2011-04-28 09:00:00+00:00,2011-04-28 09:00:00+00:00,1.00000,NCARSTORM,d01,REFL_COM,nan,nan,nan,nan,nan
d01_REFL_COM_20110427-0000_33_33_207,2011-04-27 00:00:00+00:00,2011-04-28 09:00:00+00:00,2011-04-28 09:00:00+00:00,1.00000,NCARSTORM,d01,REFL_COM,nan,nan,nan,nan,nan
d01_REFL_COM_20110427-0000_33_33_208,2011-04-27 00:00:00+00:00,2011-04-28 09:00:00+00:00,2011-04-28 09:00:00+00:00,1.00000,NCARSTORM,d01,REFL_COM,nan,nan,nan,nan,nan
d01_REFL_COM_20110427-0000_33_34_209,2011-04-27 00:00:00+00:00,2011-04-28 09:00:00+00:00,2011-04-28 10:00:00+00:00,2.00000,NCARSTORM,d01,REFL_COM,nan,nan,nan,nan,nan
d01_REFL_COM_20110427-0000_33_35_210,2011-04-27 00:00:00+00:00,2011-04-28 09:00:00+00:00,2011-04-28 11:00:00+00:00,3.00000,NCARSTORM,d01,REFL_COM,nan,nan,nan,nan,nan
d01_REFL_COM_20110427-0000_34_34_211,2011-04-27 00:00:00+00:00,2011-04-28 10:00:00+00:00,2011-04-28 10:00:00+00:00,1.00000,NCARSTORM,d01,REFL_COM,nan,nan,nan,nan,nan
d01_REFL_COM_20110427-0000_34_34_212,2011-04-27 00:00:00+00:00,2011-04-28 10:00:00+00:00,2011-04-28 10:00:00+00:00,1.00000,NCARSTORM,d01,REFL_COM,nan,nan,nan,nan,nan
d01_REFL_COM_20110427-0000_34_35_213,2011-04-27 00:00:00+00:00,2011-04-28 10:00:00+00:00,2011-04-28 11:00:00+00:00,2.00000,NCARSTORM,d01,REFL_COM,nan,nan,nan,nan,nan
d01_REFL_COM_20110427-0000_34_35_214,2011-04-27 00:00:00+00:00,2011-04-28 10:00:00+00:00,2011-04-28 11:00:00+00:00,2.00000,NCARSTORM,d01,REFL_COM,nan,nan,nan,nan,nan
d01_REFL_COM_20110427-0000_34_34_215,2011-04-27 00:00:00+00:00,2011-04-28 10:00:00+00:00,2011-04-28 10:00:00+00:00,1.00000,NCARSTORM,d01,REFL_COM,nan,nan,nan,nan,nan
d01_REFL_COM_20110427-0000_34_34_216,2011-04-27 00:00:00+00:00,2011-04-28 10:00:00+00:00,2011-04-28 10:00:00+00:00,1.00000,NCARSTORM,d01,REFL_COM,nan,nan,nan,nan,nan
d01_REFL_COM_20110427-0000_35_35_217,2011-04-27 00:00:00+00:00,2011-04-28 11:00:00+00:00,2011-04-28 11:00:00+00:00,1.00000,NCARSTORM,d01,REFL_COM,nan,nan,nan,nan,nan
d01_REFL_COM_20110427-0000_35_35_218,2011-04-27 00:00:00+00:00,2011-04-28 11:00:00+00:00,2011-04-28 11:00:00+00:00,1.00000,NCARSTORM,d01,REFL_COM,nan,nan,nan,nan,nan
d01_REFL_COM_20110427-0000_35_35_219,2011-04-27 00:00:00+00:00,2011-04-28 11:00:00+00:00,2011-04-28 11:00:00+00:00,1.00000,NCARSTORM,d01,REFL_COM,nan,nan,nan,nan,nan
d01_REFL_COM_20110427-0000_35_35_220,2011-04-27 00:00:00+00:00,2011-04-28 11:00:00+00:00,2011-04-28 11:00:00+00:00,1.00000,NCARSTORM,d01,REFL_COM,nan,nan,nan,nan,nan
d01_REFL_COM_20110427-0000_35_35_221,2011-04-27 00:00:00+00:00,2011-04-28 11:00:00+00:00,2011-04-28 11:00:00+00:00,1.00000,NCARSTORM,d01,REFL_COM,nan,nan,nan,nan,nan
d01_REFL_COM_20110427-0000_35_35_222,2011-04-27 00:00:00+00:00,2011-04-28 11:00:00+00:00,2011-04-28 11:00:00+00:00,1.00000,NCARSTORM,d01,REFL_COM,nan,nan,nan,nan,nan
d01_REFL_COM_20110427-0000_35_35_223,2011-04-27 00:00:00+00:00,2011-04-28 11:00:00+00:00,2011-04-28 11:00:00+00:00,1.00000,NCARSTORM,d01,REFL_COM,nan,nan,nan,nan,nan
d01_REFL_COM_20110427-0000_35_35_224,2011-04-27 00:00:00+00:00,2011-04-28 11:00:00+00:00,2011-04-28 11:00:00+00:00,1.00000,NCARSTORM,d01,REFL_COM,nan,nan,nan,nan,nan
d01_REFL_COM_20110427-0000_35_35_225,2011-04-27 00:00:00+00:00,2011-04-28 11:00:00+00:00,2011-04-28 11:00:00+00:00,1.00000,NCARSTORM,d01,REFL_COM,nan,nan,nan,nan,nan
d01_REFL_COM_20110427-0000_35_35_226,2011-04-27 00:00:00+00:00,2011-04-28 11:00:00+00:00,2011-04-28 11:00:00+00:00,1.00000,NCARSTORM,d01,REFL_COM,nan,nan,nan,nan,nan
